clip,arm,decoder,bytes,mos
12-German-male-speech.441.16b48k,WD,ff,48529,3.5545008182525635
12-German-male-speech.441.16b48k,WD,fdk,48529,3.515944480895996
12-German-male-speech.441.16b48k,WCD,ff,48291,3.8398900032043457
12-German-male-speech.441.16b48k,WCD,fdk,48291,3.7975871562957764
12-German-male-speech.441.16b48k,WCMD,ff,48274,3.8318538665771484
12-German-male-speech.441.16b48k,WCMD,fdk,48274,3.7896502017974854
15-Good-evening.441.16b48k,WD,ff,53380,4.095963954925537
15-Good-evening.441.16b48k,WD,fdk,53380,4.063023567199707
15-Good-evening.441.16b48k,WCD,ff,54142,3.726447820663452
15-Good-evening.441.16b48k,WCD,fdk,54142,3.686516284942627
15-Good-evening.441.16b48k,WCMD,ff,53863,3.891432762145996
15-Good-evening.441.16b48k,WCMD,fdk,53863,3.8463094234466553
21-classic.441.16b48k,WD,ff,59389,4.106398582458496
21-classic.441.16b48k,WD,fdk,59389,4.15751838684082
21-classic.441.16b48k,WCD,ff,59440,3.9424006938934326
21-classic.441.16b48k,WCD,fdk,59440,4.0116472244262695
21-classic.441.16b48k,WCMD,ff,59441,3.990931987762451
21-classic.441.16b48k,WCMD,fdk,59441,4.064696311950684
24-Greensleeves-Korean-male-speech.441.16b48k,WD,ff,54607,3.137849807739258
24-Greensleeves-Korean-male-speech.441.16b48k,WD,fdk,54607,3.058814525604248
24-Greensleeves-Korean-male-speech.441.16b48k,WCD,ff,54814,2.9906363487243652
24-Greensleeves-Korean-male-speech.441.16b48k,WCD,fdk,54814,2.9834811687469482
24-Greensleeves-Korean-male-speech.441.16b48k,WCMD,ff,55147,2.9067087173461914
24-Greensleeves-Korean-male-speech.441.16b48k,WCMD,fdk,55147,2.8741555213928223
35_SQAM_glockenspiel_cut.16b48k,WD,ff,65421,4.024914741516113
35_SQAM_glockenspiel_cut.16b48k,WD,fdk,65421,3.9557833671569824
35_SQAM_glockenspiel_cut.16b48k,WCD,ff,62977,3.749807119369507
35_SQAM_glockenspiel_cut.16b48k,WCD,fdk,62977,3.7186293601989746
35_SQAM_glockenspiel_cut.16b48k,WCMD,ff,63287,3.8482120037078857
35_SQAM_glockenspiel_cut.16b48k,WCMD,fdk,63287,3.799919605255127
